name,price,url,destination,duration,aHref,hrefTags,hotel,flight
Radisson Hotel Kathmandu,,https://www.travelsewa.com/storage/images/hotel-radisson-20191112142352.jpg,,,https://www.travelsewa.com/hotel/radisson-hotel-kathmandu|https://www.travelsewa.com/hotel/hotel-annapurna,,https://www.travelsewa.com/hotels?destination=Kathmandu,
Hotel Annapurna,,https://www.travelsewa.com/storage/images/hotel-annapurna-20191111125911.jpg,,,https://www.travelsewa.com/hotel/radisson-hotel-kathmandu|https://www.travelsewa.com/hotel/hotel-annapurna,,https://www.travelsewa.com/hotels?destination=Kathmandu,
Hotel Dwarika,,https://www.travelsewa.com/storage/images/dwarika-hotel-20200209092604.jpg,,,https://www.travelsewa.com/hotel/hotel-dwarika,,https://www.travelsewa.com/hotels?destination=Pokhara,
Everest Flight from Kathmandu,220,https://www.travelsewa.com/storage/images/everest-flight-20230805062545.jpg,,,https://www.travelsewa.com/flight/everest-flight|https://www.travelsewa.com/flight/everest-base-camp-helicopter-tour-from-kathmandu|https://www.travelsewa.com/flight/kathmandu-to-pokhara-flight|https://www.travelsewa.com/flight/pokhara-to-kathmandu-flight|https://www.travelsewa.com/flight/kathmandu-to-lukla-flight|https://www.travelsewa.com/flight/kathmandu-to-nepalgunj-flight|https://www.travelsewa.com/flight/kathmandu-to-bhairahawa-flight|https://www.travelsewa.com/flight/kathmandu-to-chitwan-flight|https://www.travelsewa.com/flight/jomsom-to-pokhara-flight|https://www.travelsewa.com/flight/pokhara-to-jomsom-flight,,,https://www.travelsewa.com/flights
Everest Base Camp Helicopter Tour Landin...,1100,https://www.travelsewa.com/storage/images/heli-20230805062906.jpg,,,https://www.travelsewa.com/flight/everest-flight|https://www.travelsewa.com/flight/everest-base-camp-helicopter-tour-from-kathmandu|https://www.travelsewa.com/flight/kathmandu-to-pokhara-flight|https://www.travelsewa.com/flight/pokhara-to-kathmandu-flight|https://www.travelsewa.com/flight/kathmandu-to-lukla-flight|https://www.travelsewa.com/flight/kathmandu-to-nepalgunj-flight|https://www.travelsewa.com/flight/kathmandu-to-bhairahawa-flight|https://www.travelsewa.com/flight/kathmandu-to-chitwan-flight|https://www.travelsewa.com/flight/jomsom-to-pokhara-flight|https://www.travelsewa.com/flight/pokhara-to-jomsom-flight,,,https://www.travelsewa.com/flights
Kathmandu to Pokhara Flight 25 minutes,106,https://www.travelsewa.com/storage/images/pokhara-flight-20230805065357.jpeg,,,https://www.travelsewa.com/flight/everest-flight|https://www.travelsewa.com/flight/everest-base-camp-helicopter-tour-from-kathmandu|https://www.travelsewa.com/flight/kathmandu-to-pokhara-flight|https://www.travelsewa.com/flight/pokhara-to-kathmandu-flight|https://www.travelsewa.com/flight/kathmandu-to-lukla-flight|https://www.travelsewa.com/flight/kathmandu-to-nepalgunj-flight|https://www.travelsewa.com/flight/kathmandu-to-bhairahawa-flight|https://www.travelsewa.com/flight/kathmandu-to-chitwan-flight|https://www.travelsewa.com/flight/jomsom-to-pokhara-flight|https://www.travelsewa.com/flight/pokhara-to-jomsom-flight,,,https://www.travelsewa.com/flights
Pokhara to Kathmandu Flight,106,https://www.travelsewa.com/storage/images/kathmandu-20230805065804.jpg,,,https://www.travelsewa.com/flight/everest-flight|https://www.travelsewa.com/flight/everest-base-camp-helicopter-tour-from-kathmandu|https://www.travelsewa.com/flight/kathmandu-to-pokhara-flight|https://www.travelsewa.com/flight/pokhara-to-kathmandu-flight|https://www.travelsewa.com/flight/kathmandu-to-lukla-flight|https://www.travelsewa.com/flight/kathmandu-to-nepalgunj-flight|https://www.travelsewa.com/flight/kathmandu-to-bhairahawa-flight|https://www.travelsewa.com/flight/kathmandu-to-chitwan-flight|https://www.travelsewa.com/flight/jomsom-to-pokhara-flight|https://www.travelsewa.com/flight/pokhara-to-jomsom-flight,,,https://www.travelsewa.com/flights
Kathmandu to Lukla Flight,217,https://www.travelsewa.com/storage/images/lukla-flight-20230805064847.jpg,,,https://www.travelsewa.com/flight/everest-flight|https://www.travelsewa.com/flight/everest-base-camp-helicopter-tour-from-kathmandu|https://www.travelsewa.com/flight/kathmandu-to-pokhara-flight|https://www.travelsewa.com/flight/pokhara-to-kathmandu-flight|https://www.travelsewa.com/flight/kathmandu-to-lukla-flight|https://www.travelsewa.com/flight/kathmandu-to-nepalgunj-flight|https://www.travelsewa.com/flight/kathmandu-to-bhairahawa-flight|https://www.travelsewa.com/flight/kathmandu-to-chitwan-flight|https://www.travelsewa.com/flight/jomsom-to-pokhara-flight|https://www.travelsewa.com/flight/pokhara-to-jomsom-flight,,,https://www.travelsewa.com/flights
Kathmandu to Nepalgunj Flight,202,https://www.travelsewa.com/storage/images/nepalgunj-20230805065136.jpg,,,https://www.travelsewa.com/flight/everest-flight|https://www.travelsewa.com/flight/everest-base-camp-helicopter-tour-from-kathmandu|https://www.travelsewa.com/flight/kathmandu-to-pokhara-flight|https://www.travelsewa.com/flight/pokhara-to-kathmandu-flight|https://www.travelsewa.com/flight/kathmandu-to-lukla-flight|https://www.travelsewa.com/flight/kathmandu-to-nepalgunj-flight|https://www.travelsewa.com/flight/kathmandu-to-bhairahawa-flight|https://www.travelsewa.com/flight/kathmandu-to-chitwan-flight|https://www.travelsewa.com/flight/jomsom-to-pokhara-flight|https://www.travelsewa.com/flight/pokhara-to-jomsom-flight,,,https://www.travelsewa.com/flights
Kathmandu to Bhairahawa Flight,90,https://www.travelsewa.com/storage/images/kathmandu-lumbini-20230805064139.jpg,,,https://www.travelsewa.com/flight/everest-flight|https://www.travelsewa.com/flight/everest-base-camp-helicopter-tour-from-kathmandu|https://www.travelsewa.com/flight/kathmandu-to-pokhara-flight|https://www.travelsewa.com/flight/pokhara-to-kathmandu-flight|https://www.travelsewa.com/flight/kathmandu-to-lukla-flight|https://www.travelsewa.com/flight/kathmandu-to-nepalgunj-flight|https://www.travelsewa.com/flight/kathmandu-to-bhairahawa-flight|https://www.travelsewa.com/flight/kathmandu-to-chitwan-flight|https://www.travelsewa.com/flight/jomsom-to-pokhara-flight|https://www.travelsewa.com/flight/pokhara-to-jomsom-flight,,,https://www.travelsewa.com/flights
Kathmandu to Chitwan Flight,133,https://www.travelsewa.com/storage/images/kathmandu-chitwan-20230805064436.jpg,,,https://www.travelsewa.com/flight/everest-flight|https://www.travelsewa.com/flight/everest-base-camp-helicopter-tour-from-kathmandu|https://www.travelsewa.com/flight/kathmandu-to-pokhara-flight|https://www.travelsewa.com/flight/pokhara-to-kathmandu-flight|https://www.travelsewa.com/flight/kathmandu-to-lukla-flight|https://www.travelsewa.com/flight/kathmandu-to-nepalgunj-flight|https://www.travelsewa.com/flight/kathmandu-to-bhairahawa-flight|https://www.travelsewa.com/flight/kathmandu-to-chitwan-flight|https://www.travelsewa.com/flight/jomsom-to-pokhara-flight|https://www.travelsewa.com/flight/pokhara-to-jomsom-flight,,,https://www.travelsewa.com/flights
Jomsom to Pokhara Flight,160,https://www.travelsewa.com/storage/images/jomsom-airport-20230805063231.jpg,,,https://www.travelsewa.com/flight/everest-flight|https://www.travelsewa.com/flight/everest-base-camp-helicopter-tour-from-kathmandu|https://www.travelsewa.com/flight/kathmandu-to-pokhara-flight|https://www.travelsewa.com/flight/pokhara-to-kathmandu-flight|https://www.travelsewa.com/flight/kathmandu-to-lukla-flight|https://www.travelsewa.com/flight/kathmandu-to-nepalgunj-flight|https://www.travelsewa.com/flight/kathmandu-to-bhairahawa-flight|https://www.travelsewa.com/flight/kathmandu-to-chitwan-flight|https://www.travelsewa.com/flight/jomsom-to-pokhara-flight|https://www.travelsewa.com/flight/pokhara-to-jomsom-flight,,,https://www.travelsewa.com/flights
Pokhara to Jomsom Flight,160,https://www.travelsewa.com/storage/images/jomsom-airport-20230805065449.jpg,,,https://www.travelsewa.com/flight/everest-flight|https://www.travelsewa.com/flight/everest-base-camp-helicopter-tour-from-kathmandu|https://www.travelsewa.com/flight/kathmandu-to-pokhara-flight|https://www.travelsewa.com/flight/pokhara-to-kathmandu-flight|https://www.travelsewa.com/flight/kathmandu-to-lukla-flight|https://www.travelsewa.com/flight/kathmandu-to-nepalgunj-flight|https://www.travelsewa.com/flight/kathmandu-to-bhairahawa-flight|https://www.travelsewa.com/flight/kathmandu-to-chitwan-flight|https://www.travelsewa.com/flight/jomsom-to-pokhara-flight|https://www.travelsewa.com/flight/pokhara-to-jomsom-flight,,,https://www.travelsewa.com/flights
Kathmandu to Bhadrapur Flight,127,https://www.travelsewa.com/storage/images/bhadrapur-airport-20230805063733.png,,,https://www.travelsewa.com/flight/kathmandu-to-bhadrapur-flight,,,https://www.travelsewa.com/flights?page=2
Everest Base Camp Trek Nepal,940,https://www.travelsewa.com/storage/images/everest-base-camp-20200107090753.jpg,https://www.travelsewa.com/everest-region,14,https://www.travelsewa.com/trip/everest-base-camp-trek-nepal|https://www.travelsewa.com/trip/gokyo-lake-trek|https://www.travelsewa.com/trip/everest-view-trekking,Trip Code:TSEVT|Max. Altitude:3860 Meters|Difficulty:Eays|Best Seasons:Sept-May,,
Gokyo Lake Trek,910,https://www.travelsewa.com/storage/images/gokyo-lake-20200107093449.jpg,https://www.travelsewa.com/everest-region,13,https://www.travelsewa.com/trip/everest-base-camp-trek-nepal|https://www.travelsewa.com/trip/gokyo-lake-trek|https://www.travelsewa.com/trip/everest-view-trekking,Trip Code:TSEVT|Max. Altitude:3860 Meters|Difficulty:Eays|Best Seasons:Sept-May,,
Everest View Trekking,670,https://www.travelsewa.com/storage/images/everest-trek-20200107095008.jpg,https://www.travelsewa.com/everest-region,10,https://www.travelsewa.com/trip/everest-base-camp-trek-nepal|https://www.travelsewa.com/trip/gokyo-lake-trek|https://www.travelsewa.com/trip/everest-view-trekking,Trip Code:TSEVT|Max. Altitude:3860 Meters|Difficulty:Eays|Best Seasons:Sept-May,,
Langtang Valley Trek 10 days,590,https://www.travelsewa.com/storage/images/langtang-trek-20200107081210.jpg,https://www.travelsewa.com/langtang-region,10,https://www.travelsewa.com/trip/langtang-valley-trek-10-days,Trip Code:TSLVT|Max. Altitude:3800 meters|Difficulty:Easy|Best Seasons:Sept-May,,
Mardi Himal Trek from Pokhara,450,https://www.travelsewa.com/storage/images/mardi-himal-20200105104536.jpg,https://www.travelsewa.com/annapurna-region,7,https://www.travelsewa.com/trip/mardi-himal-trek|https://www.travelsewa.com/trip/annapurna-base-camp-trek-8-days-from-pokhara|https://www.travelsewa.com/trip/poon-hill-trek-4-days-from-pokhara|https://www.travelsewa.com/trip/annapurna-base-camp-trek-via-poon-hill|https://www.travelsewa.com/trip/annapurna-circuit-trek-fly-out-jomsom|https://www.travelsewa.com/trip/upper-mustang-jeep-tour|https://www.travelsewa.com/trip/family-trek-nepal|https://www.travelsewa.com/trip/private-kathmandu-pokhara-sightseeing-tour,Trip Code:TSKPT|Max. Altitude:2175 meters|Difficulty:Easy|Best Seasons:Sept-May,,
Annapurna Base Camp Trek 8 days from Pok...,545,https://www.travelsewa.com/storage/images/abc-trek-20200105110805.jpg,https://www.travelsewa.com/annapurna-region,8,https://www.travelsewa.com/trip/mardi-himal-trek|https://www.travelsewa.com/trip/annapurna-base-camp-trek-8-days-from-pokhara|https://www.travelsewa.com/trip/poon-hill-trek-4-days-from-pokhara|https://www.travelsewa.com/trip/annapurna-base-camp-trek-via-poon-hill|https://www.travelsewa.com/trip/annapurna-circuit-trek-fly-out-jomsom|https://www.travelsewa.com/trip/upper-mustang-jeep-tour|https://www.travelsewa.com/trip/family-trek-nepal|https://www.travelsewa.com/trip/private-kathmandu-pokhara-sightseeing-tour,Trip Code:TSKPT|Max. Altitude:2175 meters|Difficulty:Easy|Best Seasons:Sept-May,,
Poon Hill Trek 4 days from Pokhara,300,https://www.travelsewa.com/storage/images/poon-hill-20200105113038.jpg,https://www.travelsewa.com/annapurna-region,4,https://www.travelsewa.com/trip/mardi-himal-trek|https://www.travelsewa.com/trip/annapurna-base-camp-trek-8-days-from-pokhara|https://www.travelsewa.com/trip/poon-hill-trek-4-days-from-pokhara|https://www.travelsewa.com/trip/annapurna-base-camp-trek-via-poon-hill|https://www.travelsewa.com/trip/annapurna-circuit-trek-fly-out-jomsom|https://www.travelsewa.com/trip/upper-mustang-jeep-tour|https://www.travelsewa.com/trip/family-trek-nepal|https://www.travelsewa.com/trip/private-kathmandu-pokhara-sightseeing-tour,Trip Code:TSKPT|Max. Altitude:2175 meters|Difficulty:Easy|Best Seasons:Sept-May,,
Annapurna Base Camp Trek via Poon Hill 1...,945,https://www.travelsewa.com/storage/images/annapurnabase-camp-20200106082922.jpg,https://www.travelsewa.com/annapurna-region,14,https://www.travelsewa.com/trip/mardi-himal-trek|https://www.travelsewa.com/trip/annapurna-base-camp-trek-8-days-from-pokhara|https://www.travelsewa.com/trip/poon-hill-trek-4-days-from-pokhara|https://www.travelsewa.com/trip/annapurna-base-camp-trek-via-poon-hill|https://www.travelsewa.com/trip/annapurna-circuit-trek-fly-out-jomsom|https://www.travelsewa.com/trip/upper-mustang-jeep-tour|https://www.travelsewa.com/trip/family-trek-nepal|https://www.travelsewa.com/trip/private-kathmandu-pokhara-sightseeing-tour,Trip Code:TSKPT|Max. Altitude:2175 meters|Difficulty:Easy|Best Seasons:Sept-May,,
Annapurna Circuit Trek fly out Jomsom,1075,https://www.travelsewa.com/storage/images/annapurna-circuit-20200106082956.jpg,https://www.travelsewa.com/annapurna-region,14,https://www.travelsewa.com/trip/mardi-himal-trek|https://www.travelsewa.com/trip/annapurna-base-camp-trek-8-days-from-pokhara|https://www.travelsewa.com/trip/poon-hill-trek-4-days-from-pokhara|https://www.travelsewa.com/trip/annapurna-base-camp-trek-via-poon-hill|https://www.travelsewa.com/trip/annapurna-circuit-trek-fly-out-jomsom|https://www.travelsewa.com/trip/upper-mustang-jeep-tour|https://www.travelsewa.com/trip/family-trek-nepal|https://www.travelsewa.com/trip/private-kathmandu-pokhara-sightseeing-tour,Trip Code:TSKPT|Max. Altitude:2175 meters|Difficulty:Easy|Best Seasons:Sept-May,,
Upper Mustang Jeep Tour,1990,https://www.travelsewa.com/storage/images/upper-mustang-20200106101824.jpg,https://www.travelsewa.com/annapurna-region,11,https://www.travelsewa.com/trip/mardi-himal-trek|https://www.travelsewa.com/trip/annapurna-base-camp-trek-8-days-from-pokhara|https://www.travelsewa.com/trip/poon-hill-trek-4-days-from-pokhara|https://www.travelsewa.com/trip/annapurna-base-camp-trek-via-poon-hill|https://www.travelsewa.com/trip/annapurna-circuit-trek-fly-out-jomsom|https://www.travelsewa.com/trip/upper-mustang-jeep-tour|https://www.travelsewa.com/trip/family-trek-nepal|https://www.travelsewa.com/trip/private-kathmandu-pokhara-sightseeing-tour,Trip Code:TSKPT|Max. Altitude:2175 meters|Difficulty:Easy|Best Seasons:Sept-May,,
Family Trek in Nepal,886,https://www.travelsewa.com/storage/images/family-trek-20200106104144.jpg,https://www.travelsewa.com/annapurna-region,8,https://www.travelsewa.com/trip/mardi-himal-trek|https://www.travelsewa.com/trip/annapurna-base-camp-trek-8-days-from-pokhara|https://www.travelsewa.com/trip/poon-hill-trek-4-days-from-pokhara|https://www.travelsewa.com/trip/annapurna-base-camp-trek-via-poon-hill|https://www.travelsewa.com/trip/annapurna-circuit-trek-fly-out-jomsom|https://www.travelsewa.com/trip/upper-mustang-jeep-tour|https://www.travelsewa.com/trip/family-trek-nepal|https://www.travelsewa.com/trip/private-kathmandu-pokhara-sightseeing-tour,Trip Code:TSKPT|Max. Altitude:2175 meters|Difficulty:Easy|Best Seasons:Sept-May,,
Private Kathmandu Pokhara Sightseeing To...,630,https://www.travelsewa.com/storage/images/kathandu-pokhara-20200108100201.jpg,https://www.travelsewa.com/annapurna-region,7,https://www.travelsewa.com/trip/mardi-himal-trek|https://www.travelsewa.com/trip/annapurna-base-camp-trek-8-days-from-pokhara|https://www.travelsewa.com/trip/poon-hill-trek-4-days-from-pokhara|https://www.travelsewa.com/trip/annapurna-base-camp-trek-via-poon-hill|https://www.travelsewa.com/trip/annapurna-circuit-trek-fly-out-jomsom|https://www.travelsewa.com/trip/upper-mustang-jeep-tour|https://www.travelsewa.com/trip/family-trek-nepal|https://www.travelsewa.com/trip/private-kathmandu-pokhara-sightseeing-tour,Trip Code:TSKPT|Max. Altitude:2175 meters|Difficulty:Easy|Best Seasons:Sept-May,,
Nepal Tibet Bhutan Tour Package,3790,https://www.travelsewa.com/storage/images/nepal-tibet-bhutan-20200109104640.jpg,https://www.travelsewa.com/bhutan,16,https://www.travelsewa.com/trip/nepal-tibet-bhutan-tour-package|https://www.travelsewa.com/trip/nepal-and-bhutan-tour-package|https://www.travelsewa.com/trip/best-bhutan-tour|https://www.travelsewa.com/trip/4-nights-5-days-bhutan-tour,Trip Code:TSBT|Max. Altitude:3150 Meters|Difficulty:Easy-Moderate|Best Seasons:Sept-May,,
Nepal and Bhutan Tour Package,2776,https://www.travelsewa.com/storage/images/nepal-bhutan-20200109110941.jpg,https://www.travelsewa.com/bhutan,12,https://www.travelsewa.com/trip/nepal-tibet-bhutan-tour-package|https://www.travelsewa.com/trip/nepal-and-bhutan-tour-package|https://www.travelsewa.com/trip/best-bhutan-tour|https://www.travelsewa.com/trip/4-nights-5-days-bhutan-tour,Trip Code:TSBT|Max. Altitude:3150 Meters|Difficulty:Easy-Moderate|Best Seasons:Sept-May,,
Best Bhutan Tour,1910,https://www.travelsewa.com/storage/images/best-bhutan-20200109113754.jpg,https://www.travelsewa.com/bhutan,6,https://www.travelsewa.com/trip/nepal-tibet-bhutan-tour-package|https://www.travelsewa.com/trip/nepal-and-bhutan-tour-package|https://www.travelsewa.com/trip/best-bhutan-tour|https://www.travelsewa.com/trip/4-nights-5-days-bhutan-tour,Trip Code:TSBT|Max. Altitude:3150 Meters|Difficulty:Easy-Moderate|Best Seasons:Sept-May,,
4 Nights 5 Days Bhutan Tour,1530,https://www.travelsewa.com/storage/images/bhutan-tour-20200109115534.jpg,https://www.travelsewa.com/bhutan,5,https://www.travelsewa.com/trip/nepal-tibet-bhutan-tour-package|https://www.travelsewa.com/trip/nepal-and-bhutan-tour-package|https://www.travelsewa.com/trip/best-bhutan-tour|https://www.travelsewa.com/trip/4-nights-5-days-bhutan-tour,Trip Code:TSBT|Max. Altitude:3150 Meters|Difficulty:Easy-Moderate|Best Seasons:Sept-May,,
Hindu Pilgrimage Tour in Nepal,630,https://www.travelsewa.com/storage/images/pashupatinath-20200108081457.jpg,https://www.travelsewa.com/pokhara,8,https://www.travelsewa.com/trip/annapurna-base-camp-trek-8-days-from-pokhara|https://www.travelsewa.com/trip/poon-hill-trek-4-days-from-pokhara|https://www.travelsewa.com/trip/annapurna-base-camp-trek-via-poon-hill|https://www.travelsewa.com/trip/upper-mustang-jeep-tour|https://www.travelsewa.com/trip/family-trek-nepal|https://www.travelsewa.com/trip/hindu-pilgrimage-tour-in-nepal|https://www.travelsewa.com/trip/private-kathmandu-pokhara-sightseeing-tour|https://www.travelsewa.com/trip/honeymoon-in-nepal|https://www.travelsewa.com/trip/paragliding-in-pokhara,,,
Honeymoon in Nepal,920,https://www.travelsewa.com/storage/images/honeymoon-tour-nepal-20200129095255.jpg,https://www.travelsewa.com/pokhara,9,https://www.travelsewa.com/trip/annapurna-base-camp-trek-8-days-from-pokhara|https://www.travelsewa.com/trip/poon-hill-trek-4-days-from-pokhara|https://www.travelsewa.com/trip/annapurna-base-camp-trek-via-poon-hill|https://www.travelsewa.com/trip/upper-mustang-jeep-tour|https://www.travelsewa.com/trip/family-trek-nepal|https://www.travelsewa.com/trip/hindu-pilgrimage-tour-in-nepal|https://www.travelsewa.com/trip/private-kathmandu-pokhara-sightseeing-tour|https://www.travelsewa.com/trip/honeymoon-in-nepal|https://www.travelsewa.com/trip/paragliding-in-pokhara,,,
Paragliding in Pokhara,80,https://www.travelsewa.com/storage/images/paragliding-in-nepal-20200210091012.jpg,https://www.travelsewa.com/pokhara,1,https://www.travelsewa.com/trip/annapurna-base-camp-trek-8-days-from-pokhara|https://www.travelsewa.com/trip/poon-hill-trek-4-days-from-pokhara|https://www.travelsewa.com/trip/annapurna-base-camp-trek-via-poon-hill|https://www.travelsewa.com/trip/upper-mustang-jeep-tour|https://www.travelsewa.com/trip/family-trek-nepal|https://www.travelsewa.com/trip/hindu-pilgrimage-tour-in-nepal|https://www.travelsewa.com/trip/private-kathmandu-pokhara-sightseeing-tour|https://www.travelsewa.com/trip/honeymoon-in-nepal|https://www.travelsewa.com/trip/paragliding-in-pokhara,,,
Manaslu Circuit Trekking from Kathmandu,1120,https://www.travelsewa.com/storage/images/manaslu-trek-20200107074817.jpg,https://www.travelsewa.com/kathmandu,14,https://www.travelsewa.com/trip/annapurna-base-camp-trek-via-poon-hill|https://www.travelsewa.com/trip/annapurna-circuit-trek-fly-out-jomsom|https://www.travelsewa.com/trip/upper-mustang-jeep-tour|https://www.travelsewa.com/trip/family-trek-nepal|https://www.travelsewa.com/trip/manaslu-circuit-trekking-from-kathmandu|https://www.travelsewa.com/trip/langtang-valley-trek-10-days|https://www.travelsewa.com/trip/everest-base-camp-trek-nepal|https://www.travelsewa.com/trip/gokyo-lake-trek|https://www.travelsewa.com/trip/everest-view-trekking|https://www.travelsewa.com/trip/hindu-pilgrimage-tour-in-nepal|https://www.travelsewa.com/trip/kailash-mansarovar-yatra-by-helicopter|https://www.travelsewa.com/trip/kailash-mansarovar-overland-tour-12-days|https://www.travelsewa.com/trip/kailash-mansarovar-yatra|https://www.travelsewa.com/trip/kathmandu-chitwan-sightseeing-tour|https://www.travelsewa.com/trip/private-kathmandu-pokhara-sightseeing-tour|https://www.travelsewa.com/trip/day-hiking-namobuddha-to-panauti|https://www.travelsewa.com/trip/pashupatinath-darshan-yatra|https://www.travelsewa.com/trip/halesi-mahadev-tour-from-kathmandu|https://www.travelsewa.com/trip/nepal-tibet-bhutan-tour-package|https://www.travelsewa.com/trip/nepal-and-bhutan-tour-package|https://www.travelsewa.com/trip/city-tour-of-patan-and-bhaktapur-durbar-square|https://www.travelsewa.com/trip/nagarkot-sunrise-with-bhaktapur-sightseeing-tour|https://www.travelsewa.com/trip/champadevi-hiking|https://www.travelsewa.com/trip/honeymoon-in-nepal|https://www.travelsewa.com/trip/kathmandu-unesco-heritage-sites-day-tour|https://www.travelsewa.com/trip/kathmandu-tour|https://www.travelsewa.com/trip/half-day-kathmandu-sightseeing-tour|https://www.travelsewa.com/trip/nagarkot-paragliding|https://www.travelsewa.com/trip/panauti-balthali-day-hiking-tour|https://www.travelsewa.com/trip/panauti-bhaktapur-day-tour|https://www.travelsewa.com/trip/shivapuri-national-park-day-hiking-from-kathmandu|https://www.travelsewa.com/trip/trishuli-river-rafting,,,
Kailash Mansarovar Yatra by Helicopter,3860,https://www.travelsewa.com/storage/images/kailash-heli-tour-20200108084500.jpg,https://www.travelsewa.com/kathmandu,11,https://www.travelsewa.com/trip/annapurna-base-camp-trek-via-poon-hill|https://www.travelsewa.com/trip/annapurna-circuit-trek-fly-out-jomsom|https://www.travelsewa.com/trip/upper-mustang-jeep-tour|https://www.travelsewa.com/trip/family-trek-nepal|https://www.travelsewa.com/trip/manaslu-circuit-trekking-from-kathmandu|https://www.travelsewa.com/trip/langtang-valley-trek-10-days|https://www.travelsewa.com/trip/everest-base-camp-trek-nepal|https://www.travelsewa.com/trip/gokyo-lake-trek|https://www.travelsewa.com/trip/everest-view-trekking|https://www.travelsewa.com/trip/hindu-pilgrimage-tour-in-nepal|https://www.travelsewa.com/trip/kailash-mansarovar-yatra-by-helicopter|https://www.travelsewa.com/trip/kailash-mansarovar-overland-tour-12-days|https://www.travelsewa.com/trip/kailash-mansarovar-yatra|https://www.travelsewa.com/trip/kathmandu-chitwan-sightseeing-tour|https://www.travelsewa.com/trip/private-kathmandu-pokhara-sightseeing-tour|https://www.travelsewa.com/trip/day-hiking-namobuddha-to-panauti|https://www.travelsewa.com/trip/pashupatinath-darshan-yatra|https://www.travelsewa.com/trip/halesi-mahadev-tour-from-kathmandu|https://www.travelsewa.com/trip/nepal-tibet-bhutan-tour-package|https://www.travelsewa.com/trip/nepal-and-bhutan-tour-package|https://www.travelsewa.com/trip/city-tour-of-patan-and-bhaktapur-durbar-square|https://www.travelsewa.com/trip/nagarkot-sunrise-with-bhaktapur-sightseeing-tour|https://www.travelsewa.com/trip/champadevi-hiking|https://www.travelsewa.com/trip/honeymoon-in-nepal|https://www.travelsewa.com/trip/kathmandu-unesco-heritage-sites-day-tour|https://www.travelsewa.com/trip/kathmandu-tour|https://www.travelsewa.com/trip/half-day-kathmandu-sightseeing-tour|https://www.travelsewa.com/trip/nagarkot-paragliding|https://www.travelsewa.com/trip/panauti-balthali-day-hiking-tour|https://www.travelsewa.com/trip/panauti-bhaktapur-day-tour|https://www.travelsewa.com/trip/shivapuri-national-park-day-hiking-from-kathmandu|https://www.travelsewa.com/trip/trishuli-river-rafting,,,
Kailash Mansarovar Overland Tour 12 Days,2960,https://www.travelsewa.com/storage/images/kailash-tour-20200108090655.jpg,https://www.travelsewa.com/kathmandu,12,https://www.travelsewa.com/trip/annapurna-base-camp-trek-via-poon-hill|https://www.travelsewa.com/trip/annapurna-circuit-trek-fly-out-jomsom|https://www.travelsewa.com/trip/upper-mustang-jeep-tour|https://www.travelsewa.com/trip/family-trek-nepal|https://www.travelsewa.com/trip/manaslu-circuit-trekking-from-kathmandu|https://www.travelsewa.com/trip/langtang-valley-trek-10-days|https://www.travelsewa.com/trip/everest-base-camp-trek-nepal|https://www.travelsewa.com/trip/gokyo-lake-trek|https://www.travelsewa.com/trip/everest-view-trekking|https://www.travelsewa.com/trip/hindu-pilgrimage-tour-in-nepal|https://www.travelsewa.com/trip/kailash-mansarovar-yatra-by-helicopter|https://www.travelsewa.com/trip/kailash-mansarovar-overland-tour-12-days|https://www.travelsewa.com/trip/kailash-mansarovar-yatra|https://www.travelsewa.com/trip/kathmandu-chitwan-sightseeing-tour|https://www.travelsewa.com/trip/private-kathmandu-pokhara-sightseeing-tour|https://www.travelsewa.com/trip/day-hiking-namobuddha-to-panauti|https://www.travelsewa.com/trip/pashupatinath-darshan-yatra|https://www.travelsewa.com/trip/halesi-mahadev-tour-from-kathmandu|https://www.travelsewa.com/trip/nepal-tibet-bhutan-tour-package|https://www.travelsewa.com/trip/nepal-and-bhutan-tour-package|https://www.travelsewa.com/trip/city-tour-of-patan-and-bhaktapur-durbar-square|https://www.travelsewa.com/trip/nagarkot-sunrise-with-bhaktapur-sightseeing-tour|https://www.travelsewa.com/trip/champadevi-hiking|https://www.travelsewa.com/trip/honeymoon-in-nepal|https://www.travelsewa.com/trip/kathmandu-unesco-heritage-sites-day-tour|https://www.travelsewa.com/trip/kathmandu-tour|https://www.travelsewa.com/trip/half-day-kathmandu-sightseeing-tour|https://www.travelsewa.com/trip/nagarkot-paragliding|https://www.travelsewa.com/trip/panauti-balthali-day-hiking-tour|https://www.travelsewa.com/trip/panauti-bhaktapur-day-tour|https://www.travelsewa.com/trip/shivapuri-national-park-day-hiking-from-kathmandu|https://www.travelsewa.com/trip/trishuli-river-rafting,,,
Kailash Mansarovar Yatra,2960,https://www.travelsewa.com/storage/images/kailash-yatra-20200108091944.jpg,https://www.travelsewa.com/kathmandu,12,https://www.travelsewa.com/trip/annapurna-base-camp-trek-via-poon-hill|https://www.travelsewa.com/trip/annapurna-circuit-trek-fly-out-jomsom|https://www.travelsewa.com/trip/upper-mustang-jeep-tour|https://www.travelsewa.com/trip/family-trek-nepal|https://www.travelsewa.com/trip/manaslu-circuit-trekking-from-kathmandu|https://www.travelsewa.com/trip/langtang-valley-trek-10-days|https://www.travelsewa.com/trip/everest-base-camp-trek-nepal|https://www.travelsewa.com/trip/gokyo-lake-trek|https://www.travelsewa.com/trip/everest-view-trekking|https://www.travelsewa.com/trip/hindu-pilgrimage-tour-in-nepal|https://www.travelsewa.com/trip/kailash-mansarovar-yatra-by-helicopter|https://www.travelsewa.com/trip/kailash-mansarovar-overland-tour-12-days|https://www.travelsewa.com/trip/kailash-mansarovar-yatra|https://www.travelsewa.com/trip/kathmandu-chitwan-sightseeing-tour|https://www.travelsewa.com/trip/private-kathmandu-pokhara-sightseeing-tour|https://www.travelsewa.com/trip/day-hiking-namobuddha-to-panauti|https://www.travelsewa.com/trip/pashupatinath-darshan-yatra|https://www.travelsewa.com/trip/halesi-mahadev-tour-from-kathmandu|https://www.travelsewa.com/trip/nepal-tibet-bhutan-tour-package|https://www.travelsewa.com/trip/nepal-and-bhutan-tour-package|https://www.travelsewa.com/trip/city-tour-of-patan-and-bhaktapur-durbar-square|https://www.travelsewa.com/trip/nagarkot-sunrise-with-bhaktapur-sightseeing-tour|https://www.travelsewa.com/trip/champadevi-hiking|https://www.travelsewa.com/trip/honeymoon-in-nepal|https://www.travelsewa.com/trip/kathmandu-unesco-heritage-sites-day-tour|https://www.travelsewa.com/trip/kathmandu-tour|https://www.travelsewa.com/trip/half-day-kathmandu-sightseeing-tour|https://www.travelsewa.com/trip/nagarkot-paragliding|https://www.travelsewa.com/trip/panauti-balthali-day-hiking-tour|https://www.travelsewa.com/trip/panauti-bhaktapur-day-tour|https://www.travelsewa.com/trip/shivapuri-national-park-day-hiking-from-kathmandu|https://www.travelsewa.com/trip/trishuli-river-rafting,,,
Kathmandu Chitwan Sightseeing Tour,610,https://www.travelsewa.com/storage/images/kathmandu-chitwan-20200108094711.jpg,https://www.travelsewa.com/kathmandu,7,https://www.travelsewa.com/trip/annapurna-base-camp-trek-via-poon-hill|https://www.travelsewa.com/trip/annapurna-circuit-trek-fly-out-jomsom|https://www.travelsewa.com/trip/upper-mustang-jeep-tour|https://www.travelsewa.com/trip/family-trek-nepal|https://www.travelsewa.com/trip/manaslu-circuit-trekking-from-kathmandu|https://www.travelsewa.com/trip/langtang-valley-trek-10-days|https://www.travelsewa.com/trip/everest-base-camp-trek-nepal|https://www.travelsewa.com/trip/gokyo-lake-trek|https://www.travelsewa.com/trip/everest-view-trekking|https://www.travelsewa.com/trip/hindu-pilgrimage-tour-in-nepal|https://www.travelsewa.com/trip/kailash-mansarovar-yatra-by-helicopter|https://www.travelsewa.com/trip/kailash-mansarovar-overland-tour-12-days|https://www.travelsewa.com/trip/kailash-mansarovar-yatra|https://www.travelsewa.com/trip/kathmandu-chitwan-sightseeing-tour|https://www.travelsewa.com/trip/private-kathmandu-pokhara-sightseeing-tour|https://www.travelsewa.com/trip/day-hiking-namobuddha-to-panauti|https://www.travelsewa.com/trip/pashupatinath-darshan-yatra|https://www.travelsewa.com/trip/halesi-mahadev-tour-from-kathmandu|https://www.travelsewa.com/trip/nepal-tibet-bhutan-tour-package|https://www.travelsewa.com/trip/nepal-and-bhutan-tour-package|https://www.travelsewa.com/trip/city-tour-of-patan-and-bhaktapur-durbar-square|https://www.travelsewa.com/trip/nagarkot-sunrise-with-bhaktapur-sightseeing-tour|https://www.travelsewa.com/trip/champadevi-hiking|https://www.travelsewa.com/trip/honeymoon-in-nepal|https://www.travelsewa.com/trip/kathmandu-unesco-heritage-sites-day-tour|https://www.travelsewa.com/trip/kathmandu-tour|https://www.travelsewa.com/trip/half-day-kathmandu-sightseeing-tour|https://www.travelsewa.com/trip/nagarkot-paragliding|https://www.travelsewa.com/trip/panauti-balthali-day-hiking-tour|https://www.travelsewa.com/trip/panauti-bhaktapur-day-tour|https://www.travelsewa.com/trip/shivapuri-national-park-day-hiking-from-kathmandu|https://www.travelsewa.com/trip/trishuli-river-rafting,,,
Day Hiking Namobuddha to Panauti,50,https://www.travelsewa.com/storage/images/namobuddha-20200108112401.jpg,https://www.travelsewa.com/kathmandu,1,https://www.travelsewa.com/trip/annapurna-base-camp-trek-via-poon-hill|https://www.travelsewa.com/trip/annapurna-circuit-trek-fly-out-jomsom|https://www.travelsewa.com/trip/upper-mustang-jeep-tour|https://www.travelsewa.com/trip/family-trek-nepal|https://www.travelsewa.com/trip/manaslu-circuit-trekking-from-kathmandu|https://www.travelsewa.com/trip/langtang-valley-trek-10-days|https://www.travelsewa.com/trip/everest-base-camp-trek-nepal|https://www.travelsewa.com/trip/gokyo-lake-trek|https://www.travelsewa.com/trip/everest-view-trekking|https://www.travelsewa.com/trip/hindu-pilgrimage-tour-in-nepal|https://www.travelsewa.com/trip/kailash-mansarovar-yatra-by-helicopter|https://www.travelsewa.com/trip/kailash-mansarovar-overland-tour-12-days|https://www.travelsewa.com/trip/kailash-mansarovar-yatra|https://www.travelsewa.com/trip/kathmandu-chitwan-sightseeing-tour|https://www.travelsewa.com/trip/private-kathmandu-pokhara-sightseeing-tour|https://www.travelsewa.com/trip/day-hiking-namobuddha-to-panauti|https://www.travelsewa.com/trip/pashupatinath-darshan-yatra|https://www.travelsewa.com/trip/halesi-mahadev-tour-from-kathmandu|https://www.travelsewa.com/trip/nepal-tibet-bhutan-tour-package|https://www.travelsewa.com/trip/nepal-and-bhutan-tour-package|https://www.travelsewa.com/trip/city-tour-of-patan-and-bhaktapur-durbar-square|https://www.travelsewa.com/trip/nagarkot-sunrise-with-bhaktapur-sightseeing-tour|https://www.travelsewa.com/trip/champadevi-hiking|https://www.travelsewa.com/trip/honeymoon-in-nepal|https://www.travelsewa.com/trip/kathmandu-unesco-heritage-sites-day-tour|https://www.travelsewa.com/trip/kathmandu-tour|https://www.travelsewa.com/trip/half-day-kathmandu-sightseeing-tour|https://www.travelsewa.com/trip/nagarkot-paragliding|https://www.travelsewa.com/trip/panauti-balthali-day-hiking-tour|https://www.travelsewa.com/trip/panauti-bhaktapur-day-tour|https://www.travelsewa.com/trip/shivapuri-national-park-day-hiking-from-kathmandu|https://www.travelsewa.com/trip/trishuli-river-rafting,,,
Pashupatinath Darshan Yatra,45,https://www.travelsewa.com/storage/images/pashupatinath-nepal-20200109094434.jpg,https://www.travelsewa.com/kathmandu,2,https://www.travelsewa.com/trip/annapurna-base-camp-trek-via-poon-hill|https://www.travelsewa.com/trip/annapurna-circuit-trek-fly-out-jomsom|https://www.travelsewa.com/trip/upper-mustang-jeep-tour|https://www.travelsewa.com/trip/family-trek-nepal|https://www.travelsewa.com/trip/manaslu-circuit-trekking-from-kathmandu|https://www.travelsewa.com/trip/langtang-valley-trek-10-days|https://www.travelsewa.com/trip/everest-base-camp-trek-nepal|https://www.travelsewa.com/trip/gokyo-lake-trek|https://www.travelsewa.com/trip/everest-view-trekking|https://www.travelsewa.com/trip/hindu-pilgrimage-tour-in-nepal|https://www.travelsewa.com/trip/kailash-mansarovar-yatra-by-helicopter|https://www.travelsewa.com/trip/kailash-mansarovar-overland-tour-12-days|https://www.travelsewa.com/trip/kailash-mansarovar-yatra|https://www.travelsewa.com/trip/kathmandu-chitwan-sightseeing-tour|https://www.travelsewa.com/trip/private-kathmandu-pokhara-sightseeing-tour|https://www.travelsewa.com/trip/day-hiking-namobuddha-to-panauti|https://www.travelsewa.com/trip/pashupatinath-darshan-yatra|https://www.travelsewa.com/trip/halesi-mahadev-tour-from-kathmandu|https://www.travelsewa.com/trip/nepal-tibet-bhutan-tour-package|https://www.travelsewa.com/trip/nepal-and-bhutan-tour-package|https://www.travelsewa.com/trip/city-tour-of-patan-and-bhaktapur-durbar-square|https://www.travelsewa.com/trip/nagarkot-sunrise-with-bhaktapur-sightseeing-tour|https://www.travelsewa.com/trip/champadevi-hiking|https://www.travelsewa.com/trip/honeymoon-in-nepal|https://www.travelsewa.com/trip/kathmandu-unesco-heritage-sites-day-tour|https://www.travelsewa.com/trip/kathmandu-tour|https://www.travelsewa.com/trip/half-day-kathmandu-sightseeing-tour|https://www.travelsewa.com/trip/nagarkot-paragliding|https://www.travelsewa.com/trip/panauti-balthali-day-hiking-tour|https://www.travelsewa.com/trip/panauti-bhaktapur-day-tour|https://www.travelsewa.com/trip/shivapuri-national-park-day-hiking-from-kathmandu|https://www.travelsewa.com/trip/trishuli-river-rafting,,,
Halesi Mahadev Tour from Kathmandu,150,https://www.travelsewa.com/storage/images/halesi-tour-20200109101141.jpg,https://www.travelsewa.com/kathmandu,2,https://www.travelsewa.com/trip/annapurna-base-camp-trek-via-poon-hill|https://www.travelsewa.com/trip/annapurna-circuit-trek-fly-out-jomsom|https://www.travelsewa.com/trip/upper-mustang-jeep-tour|https://www.travelsewa.com/trip/family-trek-nepal|https://www.travelsewa.com/trip/manaslu-circuit-trekking-from-kathmandu|https://www.travelsewa.com/trip/langtang-valley-trek-10-days|https://www.travelsewa.com/trip/everest-base-camp-trek-nepal|https://www.travelsewa.com/trip/gokyo-lake-trek|https://www.travelsewa.com/trip/everest-view-trekking|https://www.travelsewa.com/trip/hindu-pilgrimage-tour-in-nepal|https://www.travelsewa.com/trip/kailash-mansarovar-yatra-by-helicopter|https://www.travelsewa.com/trip/kailash-mansarovar-overland-tour-12-days|https://www.travelsewa.com/trip/kailash-mansarovar-yatra|https://www.travelsewa.com/trip/kathmandu-chitwan-sightseeing-tour|https://www.travelsewa.com/trip/private-kathmandu-pokhara-sightseeing-tour|https://www.travelsewa.com/trip/day-hiking-namobuddha-to-panauti|https://www.travelsewa.com/trip/pashupatinath-darshan-yatra|https://www.travelsewa.com/trip/halesi-mahadev-tour-from-kathmandu|https://www.travelsewa.com/trip/nepal-tibet-bhutan-tour-package|https://www.travelsewa.com/trip/nepal-and-bhutan-tour-package|https://www.travelsewa.com/trip/city-tour-of-patan-and-bhaktapur-durbar-square|https://www.travelsewa.com/trip/nagarkot-sunrise-with-bhaktapur-sightseeing-tour|https://www.travelsewa.com/trip/champadevi-hiking|https://www.travelsewa.com/trip/honeymoon-in-nepal|https://www.travelsewa.com/trip/kathmandu-unesco-heritage-sites-day-tour|https://www.travelsewa.com/trip/kathmandu-tour|https://www.travelsewa.com/trip/half-day-kathmandu-sightseeing-tour|https://www.travelsewa.com/trip/nagarkot-paragliding|https://www.travelsewa.com/trip/panauti-balthali-day-hiking-tour|https://www.travelsewa.com/trip/panauti-bhaktapur-day-tour|https://www.travelsewa.com/trip/shivapuri-national-park-day-hiking-from-kathmandu|https://www.travelsewa.com/trip/trishuli-river-rafting,,,
City Tour of Patan and Bhaktapur Durbar...,43,https://www.travelsewa.com/storage/images/nyatpola-temple-20200120110325.jpg,https://www.travelsewa.com/kathmandu,1,https://www.travelsewa.com/trip/annapurna-base-camp-trek-via-poon-hill|https://www.travelsewa.com/trip/annapurna-circuit-trek-fly-out-jomsom|https://www.travelsewa.com/trip/upper-mustang-jeep-tour|https://www.travelsewa.com/trip/family-trek-nepal|https://www.travelsewa.com/trip/manaslu-circuit-trekking-from-kathmandu|https://www.travelsewa.com/trip/langtang-valley-trek-10-days|https://www.travelsewa.com/trip/everest-base-camp-trek-nepal|https://www.travelsewa.com/trip/gokyo-lake-trek|https://www.travelsewa.com/trip/everest-view-trekking|https://www.travelsewa.com/trip/hindu-pilgrimage-tour-in-nepal|https://www.travelsewa.com/trip/kailash-mansarovar-yatra-by-helicopter|https://www.travelsewa.com/trip/kailash-mansarovar-overland-tour-12-days|https://www.travelsewa.com/trip/kailash-mansarovar-yatra|https://www.travelsewa.com/trip/kathmandu-chitwan-sightseeing-tour|https://www.travelsewa.com/trip/private-kathmandu-pokhara-sightseeing-tour|https://www.travelsewa.com/trip/day-hiking-namobuddha-to-panauti|https://www.travelsewa.com/trip/pashupatinath-darshan-yatra|https://www.travelsewa.com/trip/halesi-mahadev-tour-from-kathmandu|https://www.travelsewa.com/trip/nepal-tibet-bhutan-tour-package|https://www.travelsewa.com/trip/nepal-and-bhutan-tour-package|https://www.travelsewa.com/trip/city-tour-of-patan-and-bhaktapur-durbar-square|https://www.travelsewa.com/trip/nagarkot-sunrise-with-bhaktapur-sightseeing-tour|https://www.travelsewa.com/trip/champadevi-hiking|https://www.travelsewa.com/trip/honeymoon-in-nepal|https://www.travelsewa.com/trip/kathmandu-unesco-heritage-sites-day-tour|https://www.travelsewa.com/trip/kathmandu-tour|https://www.travelsewa.com/trip/half-day-kathmandu-sightseeing-tour|https://www.travelsewa.com/trip/nagarkot-paragliding|https://www.travelsewa.com/trip/panauti-balthali-day-hiking-tour|https://www.travelsewa.com/trip/panauti-bhaktapur-day-tour|https://www.travelsewa.com/trip/shivapuri-national-park-day-hiking-from-kathmandu|https://www.travelsewa.com/trip/trishuli-river-rafting,,,
Nagarkot Sunrise with Bhaktapur Sightsee...,75,https://www.travelsewa.com/storage/images/nagarkot-tour-20200127103559.jpg,https://www.travelsewa.com/kathmandu,1,https://www.travelsewa.com/trip/annapurna-base-camp-trek-via-poon-hill|https://www.travelsewa.com/trip/annapurna-circuit-trek-fly-out-jomsom|https://www.travelsewa.com/trip/upper-mustang-jeep-tour|https://www.travelsewa.com/trip/family-trek-nepal|https://www.travelsewa.com/trip/manaslu-circuit-trekking-from-kathmandu|https://www.travelsewa.com/trip/langtang-valley-trek-10-days|https://www.travelsewa.com/trip/everest-base-camp-trek-nepal|https://www.travelsewa.com/trip/gokyo-lake-trek|https://www.travelsewa.com/trip/everest-view-trekking|https://www.travelsewa.com/trip/hindu-pilgrimage-tour-in-nepal|https://www.travelsewa.com/trip/kailash-mansarovar-yatra-by-helicopter|https://www.travelsewa.com/trip/kailash-mansarovar-overland-tour-12-days|https://www.travelsewa.com/trip/kailash-mansarovar-yatra|https://www.travelsewa.com/trip/kathmandu-chitwan-sightseeing-tour|https://www.travelsewa.com/trip/private-kathmandu-pokhara-sightseeing-tour|https://www.travelsewa.com/trip/day-hiking-namobuddha-to-panauti|https://www.travelsewa.com/trip/pashupatinath-darshan-yatra|https://www.travelsewa.com/trip/halesi-mahadev-tour-from-kathmandu|https://www.travelsewa.com/trip/nepal-tibet-bhutan-tour-package|https://www.travelsewa.com/trip/nepal-and-bhutan-tour-package|https://www.travelsewa.com/trip/city-tour-of-patan-and-bhaktapur-durbar-square|https://www.travelsewa.com/trip/nagarkot-sunrise-with-bhaktapur-sightseeing-tour|https://www.travelsewa.com/trip/champadevi-hiking|https://www.travelsewa.com/trip/honeymoon-in-nepal|https://www.travelsewa.com/trip/kathmandu-unesco-heritage-sites-day-tour|https://www.travelsewa.com/trip/kathmandu-tour|https://www.travelsewa.com/trip/half-day-kathmandu-sightseeing-tour|https://www.travelsewa.com/trip/nagarkot-paragliding|https://www.travelsewa.com/trip/panauti-balthali-day-hiking-tour|https://www.travelsewa.com/trip/panauti-bhaktapur-day-tour|https://www.travelsewa.com/trip/shivapuri-national-park-day-hiking-from-kathmandu|https://www.travelsewa.com/trip/trishuli-river-rafting,,,
Champadevi Hiking,65,https://www.travelsewa.com/storage/images/champadevi-20200129085926.jpg,https://www.travelsewa.com/kathmandu,1,https://www.travelsewa.com/trip/annapurna-base-camp-trek-via-poon-hill|https://www.travelsewa.com/trip/annapurna-circuit-trek-fly-out-jomsom|https://www.travelsewa.com/trip/upper-mustang-jeep-tour|https://www.travelsewa.com/trip/family-trek-nepal|https://www.travelsewa.com/trip/manaslu-circuit-trekking-from-kathmandu|https://www.travelsewa.com/trip/langtang-valley-trek-10-days|https://www.travelsewa.com/trip/everest-base-camp-trek-nepal|https://www.travelsewa.com/trip/gokyo-lake-trek|https://www.travelsewa.com/trip/everest-view-trekking|https://www.travelsewa.com/trip/hindu-pilgrimage-tour-in-nepal|https://www.travelsewa.com/trip/kailash-mansarovar-yatra-by-helicopter|https://www.travelsewa.com/trip/kailash-mansarovar-overland-tour-12-days|https://www.travelsewa.com/trip/kailash-mansarovar-yatra|https://www.travelsewa.com/trip/kathmandu-chitwan-sightseeing-tour|https://www.travelsewa.com/trip/private-kathmandu-pokhara-sightseeing-tour|https://www.travelsewa.com/trip/day-hiking-namobuddha-to-panauti|https://www.travelsewa.com/trip/pashupatinath-darshan-yatra|https://www.travelsewa.com/trip/halesi-mahadev-tour-from-kathmandu|https://www.travelsewa.com/trip/nepal-tibet-bhutan-tour-package|https://www.travelsewa.com/trip/nepal-and-bhutan-tour-package|https://www.travelsewa.com/trip/city-tour-of-patan-and-bhaktapur-durbar-square|https://www.travelsewa.com/trip/nagarkot-sunrise-with-bhaktapur-sightseeing-tour|https://www.travelsewa.com/trip/champadevi-hiking|https://www.travelsewa.com/trip/honeymoon-in-nepal|https://www.travelsewa.com/trip/kathmandu-unesco-heritage-sites-day-tour|https://www.travelsewa.com/trip/kathmandu-tour|https://www.travelsewa.com/trip/half-day-kathmandu-sightseeing-tour|https://www.travelsewa.com/trip/nagarkot-paragliding|https://www.travelsewa.com/trip/panauti-balthali-day-hiking-tour|https://www.travelsewa.com/trip/panauti-bhaktapur-day-tour|https://www.travelsewa.com/trip/shivapuri-national-park-day-hiking-from-kathmandu|https://www.travelsewa.com/trip/trishuli-river-rafting,,,
Kathmandu UNESCO Heritage Sites Day Tour,60,https://www.travelsewa.com/storage/images/tour-kathmandu-20200131070243.jpg,https://www.travelsewa.com/kathmandu,1,https://www.travelsewa.com/trip/annapurna-base-camp-trek-via-poon-hill|https://www.travelsewa.com/trip/annapurna-circuit-trek-fly-out-jomsom|https://www.travelsewa.com/trip/upper-mustang-jeep-tour|https://www.travelsewa.com/trip/family-trek-nepal|https://www.travelsewa.com/trip/manaslu-circuit-trekking-from-kathmandu|https://www.travelsewa.com/trip/langtang-valley-trek-10-days|https://www.travelsewa.com/trip/everest-base-camp-trek-nepal|https://www.travelsewa.com/trip/gokyo-lake-trek|https://www.travelsewa.com/trip/everest-view-trekking|https://www.travelsewa.com/trip/hindu-pilgrimage-tour-in-nepal|https://www.travelsewa.com/trip/kailash-mansarovar-yatra-by-helicopter|https://www.travelsewa.com/trip/kailash-mansarovar-overland-tour-12-days|https://www.travelsewa.com/trip/kailash-mansarovar-yatra|https://www.travelsewa.com/trip/kathmandu-chitwan-sightseeing-tour|https://www.travelsewa.com/trip/private-kathmandu-pokhara-sightseeing-tour|https://www.travelsewa.com/trip/day-hiking-namobuddha-to-panauti|https://www.travelsewa.com/trip/pashupatinath-darshan-yatra|https://www.travelsewa.com/trip/halesi-mahadev-tour-from-kathmandu|https://www.travelsewa.com/trip/nepal-tibet-bhutan-tour-package|https://www.travelsewa.com/trip/nepal-and-bhutan-tour-package|https://www.travelsewa.com/trip/city-tour-of-patan-and-bhaktapur-durbar-square|https://www.travelsewa.com/trip/nagarkot-sunrise-with-bhaktapur-sightseeing-tour|https://www.travelsewa.com/trip/champadevi-hiking|https://www.travelsewa.com/trip/honeymoon-in-nepal|https://www.travelsewa.com/trip/kathmandu-unesco-heritage-sites-day-tour|https://www.travelsewa.com/trip/kathmandu-tour|https://www.travelsewa.com/trip/half-day-kathmandu-sightseeing-tour|https://www.travelsewa.com/trip/nagarkot-paragliding|https://www.travelsewa.com/trip/panauti-balthali-day-hiking-tour|https://www.travelsewa.com/trip/panauti-bhaktapur-day-tour|https://www.travelsewa.com/trip/shivapuri-national-park-day-hiking-from-kathmandu|https://www.travelsewa.com/trip/trishuli-river-rafting,,,
Kathmandu Tour with UNESCO heritage site...,60,https://www.travelsewa.com/storage/images/kumari-20200209110155.jpg,https://www.travelsewa.com/kathmandu,1,https://www.travelsewa.com/trip/annapurna-base-camp-trek-via-poon-hill|https://www.travelsewa.com/trip/annapurna-circuit-trek-fly-out-jomsom|https://www.travelsewa.com/trip/upper-mustang-jeep-tour|https://www.travelsewa.com/trip/family-trek-nepal|https://www.travelsewa.com/trip/manaslu-circuit-trekking-from-kathmandu|https://www.travelsewa.com/trip/langtang-valley-trek-10-days|https://www.travelsewa.com/trip/everest-base-camp-trek-nepal|https://www.travelsewa.com/trip/gokyo-lake-trek|https://www.travelsewa.com/trip/everest-view-trekking|https://www.travelsewa.com/trip/hindu-pilgrimage-tour-in-nepal|https://www.travelsewa.com/trip/kailash-mansarovar-yatra-by-helicopter|https://www.travelsewa.com/trip/kailash-mansarovar-overland-tour-12-days|https://www.travelsewa.com/trip/kailash-mansarovar-yatra|https://www.travelsewa.com/trip/kathmandu-chitwan-sightseeing-tour|https://www.travelsewa.com/trip/private-kathmandu-pokhara-sightseeing-tour|https://www.travelsewa.com/trip/day-hiking-namobuddha-to-panauti|https://www.travelsewa.com/trip/pashupatinath-darshan-yatra|https://www.travelsewa.com/trip/halesi-mahadev-tour-from-kathmandu|https://www.travelsewa.com/trip/nepal-tibet-bhutan-tour-package|https://www.travelsewa.com/trip/nepal-and-bhutan-tour-package|https://www.travelsewa.com/trip/city-tour-of-patan-and-bhaktapur-durbar-square|https://www.travelsewa.com/trip/nagarkot-sunrise-with-bhaktapur-sightseeing-tour|https://www.travelsewa.com/trip/champadevi-hiking|https://www.travelsewa.com/trip/honeymoon-in-nepal|https://www.travelsewa.com/trip/kathmandu-unesco-heritage-sites-day-tour|https://www.travelsewa.com/trip/kathmandu-tour|https://www.travelsewa.com/trip/half-day-kathmandu-sightseeing-tour|https://www.travelsewa.com/trip/nagarkot-paragliding|https://www.travelsewa.com/trip/panauti-balthali-day-hiking-tour|https://www.travelsewa.com/trip/panauti-bhaktapur-day-tour|https://www.travelsewa.com/trip/shivapuri-national-park-day-hiking-from-kathmandu|https://www.travelsewa.com/trip/trishuli-river-rafting,,,
Half Day Kathmandu Sightseeing Tour,40,https://www.travelsewa.com/storage/images/ktm-halfday-tour-20200209111105.jpg,https://www.travelsewa.com/kathmandu,1,https://www.travelsewa.com/trip/annapurna-base-camp-trek-via-poon-hill|https://www.travelsewa.com/trip/annapurna-circuit-trek-fly-out-jomsom|https://www.travelsewa.com/trip/upper-mustang-jeep-tour|https://www.travelsewa.com/trip/family-trek-nepal|https://www.travelsewa.com/trip/manaslu-circuit-trekking-from-kathmandu|https://www.travelsewa.com/trip/langtang-valley-trek-10-days|https://www.travelsewa.com/trip/everest-base-camp-trek-nepal|https://www.travelsewa.com/trip/gokyo-lake-trek|https://www.travelsewa.com/trip/everest-view-trekking|https://www.travelsewa.com/trip/hindu-pilgrimage-tour-in-nepal|https://www.travelsewa.com/trip/kailash-mansarovar-yatra-by-helicopter|https://www.travelsewa.com/trip/kailash-mansarovar-overland-tour-12-days|https://www.travelsewa.com/trip/kailash-mansarovar-yatra|https://www.travelsewa.com/trip/kathmandu-chitwan-sightseeing-tour|https://www.travelsewa.com/trip/private-kathmandu-pokhara-sightseeing-tour|https://www.travelsewa.com/trip/day-hiking-namobuddha-to-panauti|https://www.travelsewa.com/trip/pashupatinath-darshan-yatra|https://www.travelsewa.com/trip/halesi-mahadev-tour-from-kathmandu|https://www.travelsewa.com/trip/nepal-tibet-bhutan-tour-package|https://www.travelsewa.com/trip/nepal-and-bhutan-tour-package|https://www.travelsewa.com/trip/city-tour-of-patan-and-bhaktapur-durbar-square|https://www.travelsewa.com/trip/nagarkot-sunrise-with-bhaktapur-sightseeing-tour|https://www.travelsewa.com/trip/champadevi-hiking|https://www.travelsewa.com/trip/honeymoon-in-nepal|https://www.travelsewa.com/trip/kathmandu-unesco-heritage-sites-day-tour|https://www.travelsewa.com/trip/kathmandu-tour|https://www.travelsewa.com/trip/half-day-kathmandu-sightseeing-tour|https://www.travelsewa.com/trip/nagarkot-paragliding|https://www.travelsewa.com/trip/panauti-balthali-day-hiking-tour|https://www.travelsewa.com/trip/panauti-bhaktapur-day-tour|https://www.travelsewa.com/trip/shivapuri-national-park-day-hiking-from-kathmandu|https://www.travelsewa.com/trip/trishuli-river-rafting,,,
Nagarkot Paragliding for the view of Lan...,100,https://www.travelsewa.com/storage/images/paragliding-in-nagarkot-20200209112138.jpg,https://www.travelsewa.com/kathmandu,1,https://www.travelsewa.com/trip/annapurna-base-camp-trek-via-poon-hill|https://www.travelsewa.com/trip/annapurna-circuit-trek-fly-out-jomsom|https://www.travelsewa.com/trip/upper-mustang-jeep-tour|https://www.travelsewa.com/trip/family-trek-nepal|https://www.travelsewa.com/trip/manaslu-circuit-trekking-from-kathmandu|https://www.travelsewa.com/trip/langtang-valley-trek-10-days|https://www.travelsewa.com/trip/everest-base-camp-trek-nepal|https://www.travelsewa.com/trip/gokyo-lake-trek|https://www.travelsewa.com/trip/everest-view-trekking|https://www.travelsewa.com/trip/hindu-pilgrimage-tour-in-nepal|https://www.travelsewa.com/trip/kailash-mansarovar-yatra-by-helicopter|https://www.travelsewa.com/trip/kailash-mansarovar-overland-tour-12-days|https://www.travelsewa.com/trip/kailash-mansarovar-yatra|https://www.travelsewa.com/trip/kathmandu-chitwan-sightseeing-tour|https://www.travelsewa.com/trip/private-kathmandu-pokhara-sightseeing-tour|https://www.travelsewa.com/trip/day-hiking-namobuddha-to-panauti|https://www.travelsewa.com/trip/pashupatinath-darshan-yatra|https://www.travelsewa.com/trip/halesi-mahadev-tour-from-kathmandu|https://www.travelsewa.com/trip/nepal-tibet-bhutan-tour-package|https://www.travelsewa.com/trip/nepal-and-bhutan-tour-package|https://www.travelsewa.com/trip/city-tour-of-patan-and-bhaktapur-durbar-square|https://www.travelsewa.com/trip/nagarkot-sunrise-with-bhaktapur-sightseeing-tour|https://www.travelsewa.com/trip/champadevi-hiking|https://www.travelsewa.com/trip/honeymoon-in-nepal|https://www.travelsewa.com/trip/kathmandu-unesco-heritage-sites-day-tour|https://www.travelsewa.com/trip/kathmandu-tour|https://www.travelsewa.com/trip/half-day-kathmandu-sightseeing-tour|https://www.travelsewa.com/trip/nagarkot-paragliding|https://www.travelsewa.com/trip/panauti-balthali-day-hiking-tour|https://www.travelsewa.com/trip/panauti-bhaktapur-day-tour|https://www.travelsewa.com/trip/shivapuri-national-park-day-hiking-from-kathmandu|https://www.travelsewa.com/trip/trishuli-river-rafting,,,
Panauti Balthali Day Hiking Tour,60,https://www.travelsewa.com/storage/images/indreshwor-temple-20200209113503.jpg,https://www.travelsewa.com/kathmandu,1,https://www.travelsewa.com/trip/annapurna-base-camp-trek-via-poon-hill|https://www.travelsewa.com/trip/annapurna-circuit-trek-fly-out-jomsom|https://www.travelsewa.com/trip/upper-mustang-jeep-tour|https://www.travelsewa.com/trip/family-trek-nepal|https://www.travelsewa.com/trip/manaslu-circuit-trekking-from-kathmandu|https://www.travelsewa.com/trip/langtang-valley-trek-10-days|https://www.travelsewa.com/trip/everest-base-camp-trek-nepal|https://www.travelsewa.com/trip/gokyo-lake-trek|https://www.travelsewa.com/trip/everest-view-trekking|https://www.travelsewa.com/trip/hindu-pilgrimage-tour-in-nepal|https://www.travelsewa.com/trip/kailash-mansarovar-yatra-by-helicopter|https://www.travelsewa.com/trip/kailash-mansarovar-overland-tour-12-days|https://www.travelsewa.com/trip/kailash-mansarovar-yatra|https://www.travelsewa.com/trip/kathmandu-chitwan-sightseeing-tour|https://www.travelsewa.com/trip/private-kathmandu-pokhara-sightseeing-tour|https://www.travelsewa.com/trip/day-hiking-namobuddha-to-panauti|https://www.travelsewa.com/trip/pashupatinath-darshan-yatra|https://www.travelsewa.com/trip/halesi-mahadev-tour-from-kathmandu|https://www.travelsewa.com/trip/nepal-tibet-bhutan-tour-package|https://www.travelsewa.com/trip/nepal-and-bhutan-tour-package|https://www.travelsewa.com/trip/city-tour-of-patan-and-bhaktapur-durbar-square|https://www.travelsewa.com/trip/nagarkot-sunrise-with-bhaktapur-sightseeing-tour|https://www.travelsewa.com/trip/champadevi-hiking|https://www.travelsewa.com/trip/honeymoon-in-nepal|https://www.travelsewa.com/trip/kathmandu-unesco-heritage-sites-day-tour|https://www.travelsewa.com/trip/kathmandu-tour|https://www.travelsewa.com/trip/half-day-kathmandu-sightseeing-tour|https://www.travelsewa.com/trip/nagarkot-paragliding|https://www.travelsewa.com/trip/panauti-balthali-day-hiking-tour|https://www.travelsewa.com/trip/panauti-bhaktapur-day-tour|https://www.travelsewa.com/trip/shivapuri-national-park-day-hiking-from-kathmandu|https://www.travelsewa.com/trip/trishuli-river-rafting,,,
Panauti Bhaktapur Day Tour,60,https://www.travelsewa.com/storage/images/bhaktapur-tour-20200209114719.jpg,https://www.travelsewa.com/kathmandu,1,https://www.travelsewa.com/trip/annapurna-base-camp-trek-via-poon-hill|https://www.travelsewa.com/trip/annapurna-circuit-trek-fly-out-jomsom|https://www.travelsewa.com/trip/upper-mustang-jeep-tour|https://www.travelsewa.com/trip/family-trek-nepal|https://www.travelsewa.com/trip/manaslu-circuit-trekking-from-kathmandu|https://www.travelsewa.com/trip/langtang-valley-trek-10-days|https://www.travelsewa.com/trip/everest-base-camp-trek-nepal|https://www.travelsewa.com/trip/gokyo-lake-trek|https://www.travelsewa.com/trip/everest-view-trekking|https://www.travelsewa.com/trip/hindu-pilgrimage-tour-in-nepal|https://www.travelsewa.com/trip/kailash-mansarovar-yatra-by-helicopter|https://www.travelsewa.com/trip/kailash-mansarovar-overland-tour-12-days|https://www.travelsewa.com/trip/kailash-mansarovar-yatra|https://www.travelsewa.com/trip/kathmandu-chitwan-sightseeing-tour|https://www.travelsewa.com/trip/private-kathmandu-pokhara-sightseeing-tour|https://www.travelsewa.com/trip/day-hiking-namobuddha-to-panauti|https://www.travelsewa.com/trip/pashupatinath-darshan-yatra|https://www.travelsewa.com/trip/halesi-mahadev-tour-from-kathmandu|https://www.travelsewa.com/trip/nepal-tibet-bhutan-tour-package|https://www.travelsewa.com/trip/nepal-and-bhutan-tour-package|https://www.travelsewa.com/trip/city-tour-of-patan-and-bhaktapur-durbar-square|https://www.travelsewa.com/trip/nagarkot-sunrise-with-bhaktapur-sightseeing-tour|https://www.travelsewa.com/trip/champadevi-hiking|https://www.travelsewa.com/trip/honeymoon-in-nepal|https://www.travelsewa.com/trip/kathmandu-unesco-heritage-sites-day-tour|https://www.travelsewa.com/trip/kathmandu-tour|https://www.travelsewa.com/trip/half-day-kathmandu-sightseeing-tour|https://www.travelsewa.com/trip/nagarkot-paragliding|https://www.travelsewa.com/trip/panauti-balthali-day-hiking-tour|https://www.travelsewa.com/trip/panauti-bhaktapur-day-tour|https://www.travelsewa.com/trip/shivapuri-national-park-day-hiking-from-kathmandu|https://www.travelsewa.com/trip/trishuli-river-rafting,,,
Shivapuri National Park Day Hiking from...,50,https://www.travelsewa.com/storage/images/hiking-shivapuri-20200210092512.jpg,https://www.travelsewa.com/kathmandu,1,https://www.travelsewa.com/trip/annapurna-base-camp-trek-via-poon-hill|https://www.travelsewa.com/trip/annapurna-circuit-trek-fly-out-jomsom|https://www.travelsewa.com/trip/upper-mustang-jeep-tour|https://www.travelsewa.com/trip/family-trek-nepal|https://www.travelsewa.com/trip/manaslu-circuit-trekking-from-kathmandu|https://www.travelsewa.com/trip/langtang-valley-trek-10-days|https://www.travelsewa.com/trip/everest-base-camp-trek-nepal|https://www.travelsewa.com/trip/gokyo-lake-trek|https://www.travelsewa.com/trip/everest-view-trekking|https://www.travelsewa.com/trip/hindu-pilgrimage-tour-in-nepal|https://www.travelsewa.com/trip/kailash-mansarovar-yatra-by-helicopter|https://www.travelsewa.com/trip/kailash-mansarovar-overland-tour-12-days|https://www.travelsewa.com/trip/kailash-mansarovar-yatra|https://www.travelsewa.com/trip/kathmandu-chitwan-sightseeing-tour|https://www.travelsewa.com/trip/private-kathmandu-pokhara-sightseeing-tour|https://www.travelsewa.com/trip/day-hiking-namobuddha-to-panauti|https://www.travelsewa.com/trip/pashupatinath-darshan-yatra|https://www.travelsewa.com/trip/halesi-mahadev-tour-from-kathmandu|https://www.travelsewa.com/trip/nepal-tibet-bhutan-tour-package|https://www.travelsewa.com/trip/nepal-and-bhutan-tour-package|https://www.travelsewa.com/trip/city-tour-of-patan-and-bhaktapur-durbar-square|https://www.travelsewa.com/trip/nagarkot-sunrise-with-bhaktapur-sightseeing-tour|https://www.travelsewa.com/trip/champadevi-hiking|https://www.travelsewa.com/trip/honeymoon-in-nepal|https://www.travelsewa.com/trip/kathmandu-unesco-heritage-sites-day-tour|https://www.travelsewa.com/trip/kathmandu-tour|https://www.travelsewa.com/trip/half-day-kathmandu-sightseeing-tour|https://www.travelsewa.com/trip/nagarkot-paragliding|https://www.travelsewa.com/trip/panauti-balthali-day-hiking-tour|https://www.travelsewa.com/trip/panauti-bhaktapur-day-tour|https://www.travelsewa.com/trip/shivapuri-national-park-day-hiking-from-kathmandu|https://www.travelsewa.com/trip/trishuli-river-rafting,,,
Trishuli River Rafting - 1 Day rafting a...,35,https://www.travelsewa.com/storage/images/rafting-nepal-20200210094116.jpg,https://www.travelsewa.com/kathmandu,1,https://www.travelsewa.com/trip/annapurna-base-camp-trek-via-poon-hill|https://www.travelsewa.com/trip/annapurna-circuit-trek-fly-out-jomsom|https://www.travelsewa.com/trip/upper-mustang-jeep-tour|https://www.travelsewa.com/trip/family-trek-nepal|https://www.travelsewa.com/trip/manaslu-circuit-trekking-from-kathmandu|https://www.travelsewa.com/trip/langtang-valley-trek-10-days|https://www.travelsewa.com/trip/everest-base-camp-trek-nepal|https://www.travelsewa.com/trip/gokyo-lake-trek|https://www.travelsewa.com/trip/everest-view-trekking|https://www.travelsewa.com/trip/hindu-pilgrimage-tour-in-nepal|https://www.travelsewa.com/trip/kailash-mansarovar-yatra-by-helicopter|https://www.travelsewa.com/trip/kailash-mansarovar-overland-tour-12-days|https://www.travelsewa.com/trip/kailash-mansarovar-yatra|https://www.travelsewa.com/trip/kathmandu-chitwan-sightseeing-tour|https://www.travelsewa.com/trip/private-kathmandu-pokhara-sightseeing-tour|https://www.travelsewa.com/trip/day-hiking-namobuddha-to-panauti|https://www.travelsewa.com/trip/pashupatinath-darshan-yatra|https://www.travelsewa.com/trip/halesi-mahadev-tour-from-kathmandu|https://www.travelsewa.com/trip/nepal-tibet-bhutan-tour-package|https://www.travelsewa.com/trip/nepal-and-bhutan-tour-package|https://www.travelsewa.com/trip/city-tour-of-patan-and-bhaktapur-durbar-square|https://www.travelsewa.com/trip/nagarkot-sunrise-with-bhaktapur-sightseeing-tour|https://www.travelsewa.com/trip/champadevi-hiking|https://www.travelsewa.com/trip/honeymoon-in-nepal|https://www.travelsewa.com/trip/kathmandu-unesco-heritage-sites-day-tour|https://www.travelsewa.com/trip/kathmandu-tour|https://www.travelsewa.com/trip/half-day-kathmandu-sightseeing-tour|https://www.travelsewa.com/trip/nagarkot-paragliding|https://www.travelsewa.com/trip/panauti-balthali-day-hiking-tour|https://www.travelsewa.com/trip/panauti-bhaktapur-day-tour|https://www.travelsewa.com/trip/shivapuri-national-park-day-hiking-from-kathmandu|https://www.travelsewa.com/trip/trishuli-river-rafting,,,
Nagarkot Dhulikhel Day Hiking,55,https://www.travelsewa.com/storage/images/nagarkot-dhulikhel-20200108110649.jpg,https://www.travelsewa.com/best-selling-tour-packages,1,https://www.travelsewa.com/trip/mardi-himal-trek|https://www.travelsewa.com/trip/annapurna-base-camp-trek-8-days-from-pokhara|https://www.travelsewa.com/trip/poon-hill-trek-4-days-from-pokhara|https://www.travelsewa.com/trip/annapurna-circuit-trek-fly-out-jomsom|https://www.travelsewa.com/trip/upper-mustang-jeep-tour|https://www.travelsewa.com/trip/everest-base-camp-trek-nepal|https://www.travelsewa.com/trip/nepal-tibet-bhutan-tour-package|https://www.travelsewa.com/trip/nagarkot-dhulikhel-day-hiking,Trip Code:TSNDH|Max. Altitude:2175 meters|Difficulty:Easy|Duration:7-8 hours|Best Seasons:Sept-June,,
Upper Mustang Trek from Kathmandu Nepal,1200,https://www.travelsewa.com/storage/images/upper-mustang-20200105104602.jpg,https://www.travelsewa.com/hiking-and-trekking,17,https://www.travelsewa.com/trip/mardi-himal-trek|https://www.travelsewa.com/trip/upper-mustang-trek|https://www.travelsewa.com/trip/annapurna-base-camp-trek-8-days-from-pokhara|https://www.travelsewa.com/trip/poon-hill-trek-4-days-from-pokhara|https://www.travelsewa.com/trip/annapurna-base-camp-trek-via-poon-hill|https://www.travelsewa.com/trip/annapurna-circuit-trek-fly-out-jomsom|https://www.travelsewa.com/trip/upper-mustang-jeep-tour|https://www.travelsewa.com/trip/family-trek-nepal|https://www.travelsewa.com/trip/manaslu-circuit-trekking-from-kathmandu|https://www.travelsewa.com/trip/langtang-valley-trek-10-days|https://www.travelsewa.com/trip/everest-base-camp-trek-nepal|https://www.travelsewa.com/trip/gokyo-lake-trek|https://www.travelsewa.com/trip/everest-view-trekking,Trip Code:TSEVT|Max. Altitude:3860 Meters|Difficulty:Eays|Best Seasons:Sept-May,,
